id,species,margin1,margin2,margin3,margin4,margin5,margin6,margin7,margin8,margin9,margin10,margin11,margin12,margin13,margin14,margin15,margin16,margin17,margin18,margin19,margin20,margin21,margin22,margin23,margin24,margin25,margin26,margin27,margin28,margin29,margin30,margin31,margin32,margin33,margin34,margin35,margin36,margin37,margin38,margin39,margin40,margin41,margin42,margin43,margin44,margin45,margin46,margin47,margin48,margin49,margin50,margin51,margin52,margin53,margin54,margin55,margin56,margin57,margin58,margin59,margin60,margin61,margin62,margin63,margin64,shape1,shape2,shape3,shape4,shape5,shape6,shape7,shape8,shape9,shape10,shape11,shape12,shape13,shape14,shape15,shape16,shape17,shape18,shape19,shape20,shape21,shape22,shape23,shape24,shape25,shape26,shape27,shape28,shape29,shape30,shape31,shape32,shape33,shape34,shape35,shape36,shape37,shape38,shape39,shape40,shape41,shape42,shape43,shape44,shape45,shape46,shape47,shape48,shape49,shape50,shape51,shape52,shape53,shape54,shape55,shape56,shape57,shape58,shape59,shape60,shape61,shape62,shape63,shape64,texture1,texture2,texture3,texture4,texture5,texture6,texture7,texture8,texture9,texture10,texture11,texture12,texture13,texture14,texture15,texture16,texture17,texture18,texture19,texture20,texture21,texture22,texture23,texture24,texture25,texture26,texture27,texture28,texture29,texture30,texture31,texture32,texture33,texture34,texture35,texture36,texture37,texture38,texture39,texture40,texture41,texture42,texture43,texture44,texture45,texture46,texture47,texture48,texture49,texture50,texture51,texture52,texture53,texture54,texture55,texture56,texture57,texture58,texture59,texture60,texture61,texture62,texture63,texture64
1,Acer_Opalus,0.007812,0.023438,0.023438,0.003906,0.011719,0.009766,0.027344,0,0.001953,0.033203,0.013672,0.019531,0.066406,0,0.029297,0,0.03125,0.011719,0,0.025391,0.023438,0.001953,0,0.015625,0,0.03125,0,0.013672,0.029297,0.015625,0.011719,0.003906,0.025391,0,0.001953,0.011719,0.009766,0.041016,0.037109,0.019531,0,0.009766,0.021484,0.015625,0.007812,0.013672,0.027344,0.0625,0,0.017578,0.03125,0,0.044922,0.007812,0.025391,0.003906,0.013672,0.015625,0.013672,0.003906,0.005859,0.003906,0.019531,0.001953,0.00064671,0.00060945,0.0005765,0.0005534,0.00051575,0.00049629,0.00047438,0.00045284,0.00045398,0.00042897,0.00041751,0.00040968,0.00040551,0.00039822,0.00039905,0.00038939,0.00039857,0.00041616,0.00041438,0.00043008,0.00042179,0.00043667,0.00045212,0.00046713,0.00047021,0.00048446,0.0004891,0.00048976,0.00047542,0.00048608,0.00048383,0.00049999,0.00051287,0.00051148,0.00051886,0.00051302,0.0005016,0.00049765,0.00048718,0.0004707,0.00045796,0.00043969,0.00043607,0.0004267,0.00039426,0.00038507,0.00038236,0.00036998,0.00036658,0.0003726,0.00038577,0.00038888,0.00039102,0.00041379,0.00042159,0.00043435,0.00045229,0.00047083,0.00048544,0.00051234,0.00053558,0.00055327,0.00060969,0.0006605,0.049805,0.017578,0.003906,0.024414,0.001953,0.010742,0.035156,0.007812,0.039062,0.0625,0,0,0.007812,0.007812,0,0,0.047852,0,0.054688,0.022461,0,0.000977,0.018555,0.001953,0.008789,0.015625,0.044922,0,0.037109,0.012695,0.02832,0,0.019531,0.026367,0.005859,0,0.004883,0.016602,0.03418,0.056641,0.006836,0.000977,0.022461,0.037109,0.004883,0.021484,0.035156,0.000977,0.004883,0.015625,0,0,0.006836,0.037109,0.007812,0,0.00293,0.00293,0.035156,0,0,0.004883,0,0.025391
2,Pterocarya_Stenoptera,0.005859,0,0.03125,0.015625,0.025391,0.001953,0.019531,0,0,0.007812,0.003906,0.027344,0.023438,0,0.033203,0,0.009766,0.009766,0.007812,0.007812,0.019531,0.007812,0,0,0.007812,0.027344,0.003906,0.037109,0.007812,0.048828,0.054688,0.027344,0.003906,0,0,0.003906,0.013672,0.033203,0.033203,0.019531,0.03125,0.009766,0.007812,0.03125,0.001953,0.039062,0.029297,0.03125,0.035156,0,0.007812,0,0.046875,0.046875,0.029297,0.009766,0.017578,0.007812,0.013672,0.019531,0,0,0.003906,0,0.00074942,0.00069461,0.0007198,0.00070948,0.00068849,0.00066046,0.00062381,0.00058531,0.00055583,0.00053091,0.00050553,0.00048417,0.00046714,0.00045311,0.0004424,0.0004347,0.00043541,0.00043311,0.00044305,0.00046024,0.00047142,0.00048563,0.00051198,0.00053842,0.000567,0.00060459,0.00064376,0.00068698,0.00073141,0.00077748,0.00083219,0.00088429,0.00090166,0.00086166,0.00084172,0.0007829,0.00073129,0.00067913,0.00063886,0.00059633,0.00056019,0.00052754,0.00049597,0.00047412,0.00046162,0.00044696,0.00043426,0.00043348,0.00043533,0.00043631,0.00044743,0.00046355,0.00047893,0.0004963,0.00051774,0.00054563,0.00057398,0.00060783,0.00064104,0.00067412,0.00070265,0.00070739,0.0006884,0.00074675,0,0,0.007812,0.079102,0,0.039062,0.000977,0,0.027344,0.003906,0,0,0.014648,0.041016,0,0,0.003906,0,0.020508,0.006836,0,0.001953,0.026367,0.020508,0.050781,0.001953,0.021484,0.003906,0.027344,0.023438,0.0625,0,0.038086,0,0.019531,0,0.001953,0.003906,0.015625,0.004883,0.10449,0,0.061523,0.007812,0.008789,0.013672,0.011719,0.001953,0.035156,0.007812,0,0,0.053711,0.036133,0.000977,0,0,0.000977,0.023438,0,0,0.000977,0.039062,0.022461
3,Quercus_Hartwissiana,0.005859,0.009766,0.019531,0.007812,0.003906,0.005859,0.068359,0,0,0.044922,0.007812,0.011719,0.021484,0.001953,0.025391,0,0.009766,0.011719,0.007812,0.005859,0.041016,0.001953,0,0.015625,0,0.009766,0.001953,0.009766,0.009766,0.015625,0.005859,0,0.017578,0.007812,0.005859,0.009766,0.019531,0.042969,0.021484,0.001953,0,0.005859,0.015625,0.009766,0.011719,0.011719,0.03125,0.10938,0,0.046875,0.03125,0,0.035156,0,0.10547,0,0.015625,0.015625,0.019531,0.001953,0,0.005859,0.011719,0.007812,0.00097311,0.00091025,0.00087015,0.00082612,0.00079573,0.00076342,0.00072933,0.00070181,0.00066375,0.00062857,0.00059769,0.00056993,0.00054563,0.0005262,0.00050005,0.00049443,0.00048438,0.0004902,0.00049106,0.00050741,0.00052463,0.00056266,0.00060433,0.00066326,0.00070833,0.00076308,0.00082441,0.00088587,0.00095649,0.0010303,0.0011021,0.0011779,0.0011926,0.0011178,0.0010486,0.00098242,0.00091935,0.0008624,0.00080939,0.00076113,0.00070237,0.00065397,0.00061421,0.0005739,0.00054917,0.00052426,0.00051092,0.00049375,0.00049475,0.00049702,0.00051032,0.00053295,0.00055168,0.00058667,0.00061046,0.00063864,0.00066957,0.00069733,0.00073939,0.00078929,0.00083566,0.0008824,0.00091113,0.00097073,0.003906,0.047852,0.008789,0,0.097656,0.005859,0.003906,0.10156,0.032227,0,0,0.066406,0.007812,0.006836,0,0,0.057617,0,0,0.027344,0,0,0.070312,0,0.000977,0,0.000977,0.003906,0.035156,0.015625,0.027344,0,0,0.008789,0.015625,0,0,0.011719,0.000977,0.000977,0,0,0,0.005859,0.022461,0.020508,0.021484,0.056641,0.010742,0.008789,0,0,0.000977,0,0.1543,0,0.005859,0.000977,0.007812,0,0,0,0.020508,0.00293
5,Tilia_Tomentosa,0,0.003906,0.023438,0.005859,0.021484,0.019531,0.023438,0,0.013672,0.017578,0.001953,0.019531,0.001953,0.003906,0.035156,0,0.005859,0,0.001953,0.003906,0.039062,0.009766,0,0.009766,0.005859,0.027344,0.001953,0.017578,0.003906,0.021484,0.027344,0.027344,0,0.003906,0.011719,0.003906,0.005859,0.044922,0.056641,0.027344,0.015625,0.007812,0.017578,0.029297,0.001953,0.042969,0.085938,0.037109,0.029297,0.007812,0.013672,0,0.052734,0.03125,0.037109,0.017578,0.003906,0,0.001953,0.003906,0.003906,0,0.003906,0.005859,0.00045312,0.00046534,0.00047288,0.0004827,0.0004919,0.00049293,0.00049205,0.00049209,0.00049584,0.00049657,0.00047516,0.00045005,0.00042754,0.00040137,0.00036968,0.00034233,0.00032813,0.00032421,0.0003678,0.00040371,0.00035028,0.00035503,0.00040249,0.00045438,0.00048424,0.0004984,0.00049318,0.00048478,0.00047597,0.0004786,0.00048605,0.00048653,0.00049708,0.00050098,0.00048963,0.00048148,0.00047339,0.00046315,0.00044443,0.00043519,0.00043475,0.00042133,0.00041779,0.00041002,0.00040942,0.0003979,0.00041049,0.00040334,0.00042358,0.000417,0.00042136,0.00043392,0.0004691,0.00052004,0.0005287,0.00048024,0.00044911,0.00043663,0.00043653,0.00043017,0.00042913,0.00043073,0.00043803,0.00044318,0.023438,0.000977,0.007812,0.020508,0,0,0.013672,0.004883,0.006836,0.095703,0.015625,0,0,0.009766,0,0,0,0,0.03418,0.012695,0,0.033203,0.00293,0,0.005859,0.019531,0.12402,0,0.017578,0.000977,0.016602,0.009766,0.006836,0.000977,0.005859,0,0.000977,0.001953,0.09668,0.016602,0.12695,0,0.036133,0.055664,0,0.001953,0.027344,0,0.006836,0.017578,0.004883,0,0.006836,0.022461,0,0.000977,0,0,0.020508,0,0,0.017578,0,0.047852
6,Quercus_Variabilis,0.005859,0.003906,0.048828,0.009766,0.013672,0.015625,0.005859,0,0,0.005859,0.001953,0.044922,0.041016,0.011719,0.041016,0,0.009766,0.015625,0.011719,0.007812,0.021484,0,0,0,0.015625,0.009766,0.001953,0.017578,0.041016,0.005859,0.021484,0.013672,0.017578,0,0.005859,0.009766,0.027344,0.083984,0.027344,0.027344,0.001953,0.001953,0.017578,0.007812,0.009766,0.011719,0.080078,0.039062,0.009766,0,0.029297,0,0.023438,0.021484,0.003906,0.017578,0.015625,0.001953,0.041016,0.005859,0,0,0.017578,0,0.00068161,0.00059775,0.0005088,0.0003851,0.00029893,0.00033016,0.00042727,0.00053625,0.00064107,0.00064545,0.00059717,0.00058109,0.00062,0.00070857,0.00075318,0.00083917,0.00093519,0.0010141,0.0010222,0.00111,0.0012182,0.0011424,0.0010299,0.000961,0.00096961,0.00088437,0.00081631,0.00074514,0.00066462,0.00069098,0.00066922,0.00059396,0.0004861,0.00041483,0.00034744,0.00037219,0.00047547,0.00050803,0.00057742,0.00064112,0.00063873,0.00051884,0.00048291,0.00060005,0.00071517,0.00080181,0.00088679,0.00081838,0.00079189,0.00090917,0.0010153,0.001044,0.0010651,0.0009993,0.00097253,0.00086311,0.00088958,0.00091129,0.0008142,0.00068269,0.00059302,0.00062193,0.00073521,0.00075515,0.039062,0.036133,0.003906,0.003906,0.046875,0,0.041016,0.041016,0,0.010742,0,0.018555,0,0,0,0,0.001953,0,0.006836,0.008789,0,0,0.036133,0,0,0,0.040039,0.005859,0.005859,0,0.003906,0,0,0.11035,0,0,0,0.087891,0.023438,0.007812,0,0,0.008789,0.017578,0.021484,0.061523,0.026367,0.13281,0,0,0,0,0,0.001953,0.09668,0,0.021484,0,0,0,0,0,0,0.03125
8,Magnolia_Salicifolia,0.070312,0.09375,0.033203,0.001953,0,0.15234,0.007812,0,0.003906,0.027344,0.058594,0,0.0625,0.001953,0,0,0.027344,0.03125,0.003906,0.021484,0.001953,0.001953,0,0,0.001953,0.015625,0,0,0.021484,0.001953,0,0,0.03125,0,0.041016,0.050781,0.021484,0.007812,0.001953,0,0,0.015625,0.007812,0.005859,0.009766,0,0.001953,0.003906,0,0,0.037109,0,0.011719,0,0,0,0.023438,0.017578,0.013672,0.001953,0,0,0.050781,0.001953,0.00039032,0.00034683,0.00032927,0.00029459,0.00032314,0.00027185,0.00023863,0.00029906,0.00036031,0.00032516,0.00029868,0.00029515,0.00026248,0.00025878,0.00033568,0.00027292,0.00024219,0.00027334,0.00027597,0.00031052,0.00034382,0.00032844,0.00027174,0.00023572,0.00028463,0.00030424,0.00032216,0.00032641,0.00038006,0.00043733,0.00038053,0.00031812,0.00025792,0.00018641,0.00013427,0.000097615,0.000078312,0.000064013,0.00011163,0.00017926,0.00013706,0.00020728,0.00028203,0.00029323,0.00034187,0.00039254,0.00044202,0.0005086,0.00043706,0.000389,0.00035349,0.00029048,0.00028834,0.00021683,0.00026,0.0002411,0.00017994,0.00012837,0.000090678,0.00012468,0.00017709,0.00025204,0.00032083,0.00039927,0.026367,0.00293,0.009766,0,0.089844,0.001953,0.010742,0.023438,0.012695,0,0,0.22949,0.00293,0.037109,0,0,0.000977,0,0.000977,0.014648,0,0.005859,0.011719,0,0.007812,0,0,0.000977,0.006836,0.007812,0.026367,0,0,0.042969,0.013672,0,0,0.051758,0,0.004883,0,0,0.000977,0.000977,0.023438,0.043945,0.009766,0.040039,0.004883,0.008789,0,0,0,0.013672,0.14551,0,0.041992,0,0.005859,0,0,0,0.001953,0.013672
10,Quercus_Canariensis,0.021484,0.03125,0.017578,0.009766,0.001953,0.042969,0.039062,0,0.003906,0.019531,0.035156,0.015625,0.058594,0.003906,0.011719,0,0.011719,0.025391,0.011719,0.011719,0.037109,0.007812,0,0.009766,0.007812,0.005859,0.003906,0.003906,0.03125,0.001953,0.005859,0.001953,0.019531,0,0.003906,0.017578,0.007812,0.03125,0.013672,0.001953,0,0.011719,0.068359,0.005859,0.025391,0.005859,0.029297,0.046875,0,0.056641,0.013672,0,0.019531,0,0.013672,0.007812,0.005859,0.029297,0.041016,0.011719,0.003906,0.001953,0.013672,0.001953,0.00092122,0.00096232,0.00089983,0.00083692,0.00079877,0.00076871,0.00072488,0.00071135,0.00068854,0.0006658,0.00064303,0.00062544,0.00061305,0.00060018,0.00060294,0.00060591,0.00058928,0.00058908,0.00059697,0.00062032,0.00061267,0.00064861,0.00066447,0.00067424,0.00065519,0.00067749,0.00068842,0.00070044,0.00074827,0.00076623,0.00080003,0.00081907,0.00087062,0.0008619,0.00083066,0.00078746,0.00076235,0.00072646,0.00071041,0.00067617,0.00064484,0.00061628,0.00062262,0.00061647,0.00061891,0.00062396,0.00060952,0.00059374,0.00061235,0.00060529,0.000607,0.00062123,0.00063712,0.00064791,0.00066255,0.00067309,0.00069818,0.00072732,0.00074631,0.00076671,0.00078596,0.0008053,0.0008272,0.00086023,0.003906,0.024414,0.013672,0,0.078125,0.03125,0.007812,0.053711,0.010742,0,0,0.005859,0.027344,0.005859,0,0.001953,0.046875,0,0.003906,0.02832,0,0.001953,0.082031,0.001953,0.001953,0,0.004883,0.014648,0.001953,0.027344,0.000977,0,0,0.025391,0.014648,0,0,0.038086,0,0,0,0.010742,0.012695,0.023438,0.1084,0.030273,0.026367,0.041016,0.008789,0,0,0,0,0,0.085938,0,0.040039,0,0.009766,0,0,0,0.039062,0.003906
11,Quercus_Rubra,0,0,0.037109,0.050781,0.003906,0,0.003906,0,0.048828,0.003906,0.001953,0.005859,0.007812,0.03125,0.005859,0,0,0.009766,0.03125,0.003906,0.052734,0.005859,0,0.001953,0.011719,0.007812,0.017578,0.023438,0.099609,0.009766,0.011719,0.001953,0.003906,0,0,0.009766,0.017578,0.056641,0.005859,0.001953,0.003906,0.033203,0.003906,0.005859,0.083984,0,0.033203,0.001953,0.019531,0.029297,0.007812,0.005859,0.005859,0.009766,0,0.001953,0.003906,0.017578,0.076172,0.015625,0,0.015625,0.015625,0.023438,0.00077608,0.00075474,0.0007276,0.00072815,0.00077236,0.00080036,0.00082546,0.00086212,0.00090742,0.00096678,0.0010309,0.0011021,0.0011834,0.0012618,0.0013509,0.0014419,0.0015023,0.0015632,0.001683,0.0017944,0.0018031,0.0016832,0.001572,0.0014758,0.0013883,0.0012899,0.001201,0.0011151,0.0010361,0.0009762,0.0009117,0.0008547,0.00079578,0.00075314,0.00072837,0.00071572,0.00071223,0.0007371,0.0007769,0.00081475,0.00086339,0.00092543,0.00096928,0.0010331,0.0011127,0.0011928,0.0012783,0.0013746,0.0014684,0.0015727,0.0016892,0.0017562,0.0017214,0.001607,0.0014976,0.0013843,0.0012818,0.0011839,0.0011007,0.0010436,0.0010029,0.0009378,0.00086483,0.00081063,0.018555,0,0.036133,0,0.052734,0,0.011719,0.020508,0.000977,0,0.014648,0.033203,0.013672,0.011719,0,0.006836,0,0.003906,0.001953,0.013672,0.017578,0.027344,0,0.000977,0.007812,0.000977,0.008789,0.030273,0.021484,0.029297,0.019531,0.064453,0,0.019531,0.023438,0.051758,0,0.009766,0.009766,0.003906,0,0.022461,0.011719,0.001953,0.00293,0.017578,0.019531,0.074219,0.014648,0.017578,0.021484,0.019531,0.00293,0.005859,0.038086,0.025391,0.009766,0.00293,0.021484,0,0.037109,0.006836,0.00293,0.036133
14,Quercus_Brantii,0.005859,0.001953,0.033203,0.015625,0.001953,0,0.023438,0,0,0.021484,0.007812,0.033203,0.011719,0.003906,0.03125,0,0.011719,0.023438,0.005859,0.009766,0.072266,0.005859,0,0,0.009766,0.025391,0,0.011719,0.011719,0.009766,0.011719,0,0.019531,0,0.007812,0.001953,0.015625,0.033203,0.021484,0.007812,0.001953,0.011719,0.03125,0.003906,0.009766,0.011719,0.070312,0.10938,0.009766,0.048828,0.017578,0,0.046875,0.009766,0.019531,0.015625,0.007812,0.015625,0.025391,0,0,0,0.025391,0,0.001085,0.0011579,0.0010946,0.0010115,0.00093595,0.00089351,0.00084652,0.00079856,0.00075573,0.00071264,0.00066963,0.0006226,0.00057936,0.00053739,0.00050191,0.00046774,0.00044921,0.00044799,0.00045697,0.00046933,0.0005009,0.00053992,0.00058302,0.00063084,0.00068161,0.00074078,0.00080409,0.00086919,0.00094087,0.0010113,0.0010852,0.0011551,0.0012314,0.0011985,0.0011245,0.0010552,0.00098731,0.0009185,0.00085348,0.00079052,0.00073153,0.00067257,0.00062111,0.00057407,0.00052931,0.00048694,0.00046125,0.00045199,0.00044555,0.00045289,0.00047229,0.00049704,0.00052925,0.00057063,0.00061678,0.00066462,0.00071638,0.00076482,0.00081468,0.00084957,0.00088176,0.00091839,0.00095095,0.001001,0.032227,0.004883,0.004883,0.019531,0,0.011719,0.094727,0.001953,0.03418,0.020508,0,0,0.011719,0.009766,0,0,0.008789,0,0.10547,0.011719,0,0.000977,0.006836,0.003906,0.021484,0.001953,0.046875,0.003906,0.006836,0.012695,0.02832,0,0.000977,0.004883,0.006836,0,0,0.014648,0.075195,0.041016,0.007812,0.000977,0.032227,0.017578,0.019531,0.012695,0.023438,0,0.013672,0.001953,0,0,0.003906,0.082031,0,0,0.008789,0,0.017578,0,0,0.000977,0.033203,0.074219
15,Salix_Fragilis,0,0,0.009766,0.037109,0.072266,0,0,0,0.007812,0.001953,0,0.029297,0,0.003906,0.0625,0,0.005859,0,0.023438,0,0.001953,0,0,0,0.001953,0.019531,0,0.035156,0.001953,0.035156,0.027344,0,0,0,0,0,0.003906,0.083984,0.044922,0.0625,0.089844,0.007812,0.001953,0.035156,0.003906,0.078125,0.037109,0.007812,0.009766,0,0,0,0.025391,0.087891,0,0.005859,0.003906,0,0.013672,0.015625,0.001953,0,0,0.001953,0.00040565,0.0004607,0.00051693,0.00054202,0.00048489,0.00043194,0.00041847,0.00041127,0.00036602,0.00032135,0.00026378,0.00021461,0.0002046,0.0002303,0.00027261,0.00031044,0.00032939,0.00032335,0.00026549,0.00020829,0.00014958,0.0001218,0.00017776,0.00024325,0.0003052,0.00033105,0.0003776,0.00036948,0.00031919,0.00026715,0.0002803,0.00033636,0.00038087,0.00040397,0.00045902,0.00044762,0.00040227,0.00034647,0.00031237,0.00034772,0.00038952,0.00033453,0.00027997,0.00020825,0.00014463,0.00014482,0.00019891,0.00025901,0.00031685,0.00035111,0.00032107,0.00028075,0.00029501,0.0002764,0.00022042,0.00017241,0.00015336,0.0001936,0.00024856,0.00029462,0.00033158,0.00039385,0.00037636,0.00037307,0,0.007812,0,0.004883,0,0.033203,0,0,0.041016,0,0.058594,0,0,0,0.16699,0,0.033203,0,0.00293,0.003906,0,0.001953,0,0.005859,0.000977,0.09375,0,0,0.024414,0.001953,0.001953,0,0.006836,0,0,0,0.037109,0,0,0.001953,0,0,0,0,0,0,0,0,0.020508,0.041992,0.035156,0,0.022461,0,0,0,0,0.070312,0.013672,0.19238,0,0.074219,0,0
17,Zelkova_Serrata,0.019531,0.03125,0.001953,0.005859,0.003906,0.013672,0.033203,0,0.011719,0.042969,0.015625,0.017578,0.019531,0.009766,0.015625,0,0.046875,0.001953,0.025391,0.011719,0.025391,0.021484,0,0.029297,0.011719,0.025391,0.015625,0.011719,0.003906,0.013672,0.007812,0.001953,0.007812,0,0.027344,0.021484,0.001953,0.017578,0.015625,0.001953,0.001953,0.009766,0.035156,0.001953,0.007812,0.011719,0.027344,0.052734,0.003906,0.050781,0.013672,0.007812,0.060547,0.001953,0.023438,0.007812,0.009766,0.003906,0,0.029297,0.001953,0.033203,0,0.013672,0.00068312,0.00072854,0.00065574,0.00063846,0.0006164,0.00059575,0.00057458,0.00052909,0.00050956,0.00046448,0.00045286,0.00043113,0.00040237,0.00041415,0.00041329,0.0003994,0.00042552,0.00039485,0.00043168,0.00043598,0.00045652,0.0004992,0.00049405,0.00054001,0.00055592,0.00061326,0.00061183,0.00067897,0.00072095,0.00079122,0.00084477,0.00091421,0.00098654,0.00098983,0.00091812,0.00084353,0.00078465,0.00071291,0.00067115,0.00060264,0.00057611,0.00057665,0.00054048,0.00049674,0.00048368,0.00042724,0.00044789,0.0004076,0.00039869,0.00038579,0.00035283,0.00038719,0.0003828,0.0004009,0.00043154,0.00044212,0.00049357,0.00052804,0.00056282,0.00061596,0.00065624,0.00069205,0.00069837,0.00068445,0.011719,0.007812,0.00293,0.021484,0.004883,0.003906,0.054688,0.004883,0.019531,0.009766,0.014648,0,0.000977,0.008789,0,0,0.004883,0,0.083008,0.006836,0,0.007812,0.00293,0,0.001953,0.005859,0.12598,0,0.032227,0.004883,0.06543,0,0,0.011719,0.004883,0,0.000977,0.018555,0.052734,0.023438,0.029297,0,0.037109,0.099609,0.003906,0.003906,0.009766,0,0.007812,0.022461,0,0,0.003906,0.11328,0.009766,0,0,0.00293,0.024414,0,0,0.006836,0,0.004883
18,Betula_Austrosinensis,0.001953,0.001953,0.023438,0.025391,0.076172,0,0.029297,0,0.005859,0.015625,0.001953,0.003906,0.001953,0.003906,0.011719,0,0.013672,0,0.003906,0.009766,0,0.003906,0,0.005859,0.011719,0.037109,0.015625,0.037109,0.011719,0.046875,0.048828,0.074219,0.009766,0,0.003906,0.003906,0,0.015625,0.019531,0.001953,0.066406,0.005859,0,0.046875,0.003906,0.037109,0.003906,0.001953,0.060547,0.001953,0.001953,0.005859,0.056641,0.029297,0.03125,0.011719,0.001953,0.003906,0.005859,0.039062,0,0,0.003906,0.001953,0.00057722,0.00059985,0.00056981,0.00062147,0.00063788,0.00063385,0.00068389,0.00072064,0.00075631,0.00079975,0.0008482,0.00085966,0.0008882,0.0009171,0.0009021,0.00086096,0.00087104,0.00081495,0.00081892,0.00079097,0.00073755,0.00073502,0.00069446,0.00066273,0.00063344,0.00064421,0.0006259,0.00055657,0.0005123,0.00047475,0.00046171,0.00050195,0.00051679,0.00053869,0.00056972,0.00060371,0.00064344,0.00068778,0.00073164,0.00077718,0.0008285,0.00086167,0.00088243,0.00089297,0.00094779,0.0010122,0.00096459,0.00090769,0.00087987,0.00083107,0.00081505,0.00075615,0.00071108,0.00067562,0.00064014,0.00060783,0.00059265,0.00056859,0.00054594,0.00056254,0.0005502,0.00055492,0.00054682,0.00055014,0,0.00293,0.022461,0,0.078125,0.000977,0.015625,0.052734,0.000977,0,0.053711,0.004883,0.004883,0.023438,0,0.004883,0.000977,0,0.00293,0.014648,0,0.060547,0.013672,0,0.001953,0.001953,0,0.018555,0.050781,0.005859,0.054688,0.011719,0,0.008789,0.013672,0,0,0.042969,0,0.001953,0,0.005859,0.000977,0,0.008789,0.036133,0.041992,0.025391,0.015625,0.064453,0.080078,0.029297,0.001953,0.027344,0.013672,0.003906,0.014648,0.003906,0.036133,0,0,0.012695,0.005859,0
20,Quercus_Pontica,0.015625,0.011719,0.041016,0.003906,0.023438,0.015625,0.019531,0,0.009766,0.015625,0.003906,0.046875,0.017578,0.013672,0.035156,0,0.003906,0.005859,0.013672,0.007812,0.054688,0.007812,0,0.009766,0.021484,0.003906,0.007812,0.019531,0.011719,0.017578,0.015625,0.011719,0.005859,0,0.005859,0,0.021484,0.058594,0.015625,0.017578,0.003906,0.003906,0.013672,0.023438,0.005859,0.017578,0.072266,0.052734,0.029297,0.011719,0.011719,0.001953,0.025391,0.013672,0.027344,0.009766,0.017578,0,0.009766,0.007812,0,0.019531,0.003906,0.005859,0.0010746,0.0010464,0.00099005,0.001016,0.00093829,0.00093526,0.00094002,0.00094979,0.00093513,0.0008886,0.00091468,0.00098246,0.0010286,0.0011046,0.0011772,0.0011952,0.0012833,0.0013635,0.0014174,0.0014739,0.0015188,0.0015882,0.0015731,0.0017,0.0018298,0.0017988,0.0016558,0.0015588,0.0015594,0.0015175,0.0014921,0.0013944,0.0013357,0.0012527,0.0012212,0.0011202,0.0010265,0.00095125,0.00086477,0.00078823,0.00078943,0.00074197,0.00073851,0.00079243,0.00080406,0.0008726,0.00098414,0.0010851,0.0011936,0.0012509,0.0013455,0.0014514,0.0015223,0.0016336,0.0016715,0.0017526,0.0017192,0.0016648,0.0016091,0.0015496,0.0014415,0.0013543,0.0012571,0.0011678,0.010742,0.009766,0,0,0.11523,0.02832,0.014648,0.075195,0.026367,0,0,0.021484,0.010742,0.027344,0,0,0.004883,0,0.012695,0.029297,0,0.001953,0.092773,0,0,0,0,0,0.039062,0.007812,0.051758,0,0,0.008789,0.006836,0,0,0.071289,0,0.013672,0,0.005859,0,0,0.10645,0.001953,0.029297,0,0.020508,0.026367,0,0,0,0.009766,0.003906,0,0.086914,0,0.013672,0,0,0,0.011719,0.00293
21,Quercus_Afares,0.011719,0.011719,0.054688,0.017578,0.007812,0.009766,0.011719,0.007812,0.025391,0.015625,0.027344,0.009766,0.025391,0.025391,0.011719,0,0.021484,0.019531,0.007812,0.019531,0.052734,0.003906,0,0,0.005859,0.021484,0.011719,0.003906,0.054688,0.009766,0,0,0.017578,0.001953,0.011719,0.027344,0.025391,0.041016,0.009766,0.003906,0.003906,0.005859,0.017578,0.007812,0.029297,0,0.035156,0.013672,0.003906,0.054688,0.039062,0,0.017578,0.001953,0.005859,0,0.005859,0.015625,0.039062,0.011719,0,0.003906,0.035156,0.007812,0.0005281,0.00047914,0.00039916,0.00043373,0.00051953,0.00057404,0.00057669,0.00052236,0.00059513,0.00061642,0.00067375,0.00068336,0.00064605,0.00063176,0.00055626,0.00054877,0.00059927,0.00056629,0.00052405,0.00044323,0.00041361,0.00049196,0.00053316,0.00049397,0.00044814,0.00039497,0.00032164,0.00024996,0.00025786,0.00032297,0.00039856,0.00047019,0.00053653,0.00055427,0.00056458,0.00055408,0.00050487,0.00056078,0.00056097,0.00055273,0.00053939,0.00053931,0.00056312,0.00063706,0.00071672,0.00069328,0.00061819,0.00055483,0.00053495,0.00053252,0.00055457,0.00056135,0.0005302,0.00055718,0.00053874,0.00056107,0.00054969,0.00048106,0.00040944,0.00032981,0.00036253,0.0004257,0.00048909,0.0005094,0.16309,0.012695,0.004883,0.004883,0.000977,0.009766,0.083008,0.00293,0.021484,0.091797,0,0,0.012695,0.011719,0,0,0.005859,0,0.070312,0.001953,0,0,0.03125,0,0.004883,0,0.02832,0,0.008789,0.011719,0.008789,0,0.004883,0.027344,0.008789,0,0,0.02832,0.049805,0.05957,0.005859,0,0.014648,0.017578,0.025391,0.006836,0.017578,0,0.003906,0.004883,0,0,0,0.057617,0.00293,0,0.015625,0,0.015625,0,0,0,0.018555,0.022461
22,Quercus_Coccifera,0.011719,0.007812,0.11133,0.027344,0.023438,0.039062,0.013672,0,0.001953,0.013672,0.005859,0.009766,0.015625,0.001953,0.025391,0,0.007812,0.03125,0.001953,0.019531,0.009766,0,0,0.001953,0.001953,0.025391,0,0.025391,0.021484,0.027344,0.001953,0.005859,0.029297,0,0.001953,0.003906,0.029297,0.052734,0.035156,0.009766,0.009766,0.005859,0.019531,0.013672,0.013672,0.015625,0.017578,0.066406,0,0.013672,0.013672,0,0.021484,0.003906,0.035156,0,0.025391,0.007812,0.033203,0,0,0,0.03125,0,0.00016798,0.00020211,0.00023258,0.0002345,0.00023645,0.00026376,0.00022941,0.00021393,0.00017732,0.00016032,0.00019423,0.00021342,0.00018081,0.00014644,0.00010651,0.000073851,0.00010649,0.00014869,0.00018193,0.00021907,0.00019628,0.00016003,0.00018937,0.00015219,0.00011454,0.000085853,0.000092863,0.00011819,0.00014591,0.00017278,0.0001814,0.0001644,0.00016653,0.00015425,0.00016379,0.00018628,0.00020793,0.00020905,0.00021079,0.00021546,0.000242,0.00025776,0.00022239,0.00019155,0.0001701,0.000161,0.00016991,0.0001444,0.00011452,0.00010959,0.00013145,0.00016409,0.00017492,0.00017222,0.00013469,0.000095907,0.000076032,0.0001133,0.00015847,0.00020257,0.00021434,0.00024024,0.00020272,0.0001659,0.005859,0.004883,0,0.011719,0.000977,0.000977,0.000977,0,0.014648,0.012695,0.11914,0,0,0.012695,0.21582,0.000977,0.010742,0,0.024414,0.000977,0,0.012695,0.005859,0.012695,0.00293,0.046875,0.00293,0,0.010742,0.000977,0.008789,0,0.023438,0.000977,0.001953,0,0.036133,0.001953,0.004883,0.005859,0.004883,0.006836,0.005859,0.000977,0,0.000977,0.003906,0,0.019531,0.019531,0.092773,0,0.024414,0.004883,0.000977,0.001953,0,0.03418,0.007812,0.038086,0,0.089844,0.023438,0.001953
25,Fagus_Sylvatica,0.027344,0.025391,0.066406,0.007812,0.003906,0.052734,0.03125,0,0.003906,0.039062,0.003906,0.001953,0.0625,0.001953,0.015625,0,0.023438,0.019531,0.007812,0.019531,0.013672,0,0,0,0.001953,0.023438,0.001953,0.005859,0.035156,0.013672,0.001953,0,0.017578,0.003906,0.027344,0.017578,0.03125,0.054688,0.019531,0.007812,0,0.009766,0.009766,0.011719,0.009766,0.005859,0.019531,0.041016,0,0.003906,0.03125,0,0.025391,0,0.041016,0,0.027344,0.003906,0.027344,0,0,0,0.041016,0,0.00058502,0.00060156,0.00061729,0.00062419,0.00064266,0.000677,0.00071016,0.00074692,0.0007924,0.0008285,0.00085884,0.00090508,0.0009755,0.00092325,0.00085058,0.00081323,0.00077788,0.00074048,0.00072043,0.00069809,0.00067211,0.00064573,0.00062441,0.00061276,0.00059752,0.00060119,0.00058578,0.00055963,0.00055733,0.00055659,0.00055746,0.00058098,0.00060351,0.00060879,0.00062439,0.00064071,0.00067414,0.00070382,0.00070221,0.00074985,0.00075229,0.00079867,0.00079604,0.00081788,0.00084158,0.00085674,0.00085997,0.00086467,0.00081483,0.00080832,0.00077635,0.00075011,0.00070116,0.00068849,0.00066612,0.0006472,0.00061631,0.0005875,0.00057555,0.00056521,0.00054255,0.00054515,0.00055388,0.00057758,0.003906,0.00293,0.003906,0.047852,0.004883,0,0.003906,0.000977,0.00293,0.033203,0.000977,0.000977,0,0,0,0,0.003906,0,0.025391,0.003906,0,0,0.000977,0.014648,0.02832,0.011719,0.11914,0,0.010742,0.00293,0.005859,0,0.045898,0.005859,0.000977,0,0.013672,0.00293,0.044922,0.026367,0.23828,0,0.032227,0.10156,0.006836,0.007812,0.004883,0.005859,0.000977,0.007812,0,0,0.029297,0.019531,0.008789,0,0.004883,0.004883,0.009766,0.001953,0,0.003906,0,0.036133
26,Phildelphus,0.009766,0.0625,0.033203,0.029297,0.011719,0.044922,0.005859,0,0.009766,0.017578,0.039062,0.001953,0.048828,0.001953,0.003906,0,0.023438,0.035156,0.023438,0.011719,0.003906,0,0,0,0,0.029297,0,0.021484,0.039062,0.011719,0,0,0.035156,0,0.017578,0.03125,0.027344,0.005859,0.003906,0.003906,0.007812,0.039062,0.001953,0.005859,0.041016,0,0.003906,0,0,0,0.042969,0.001953,0.03125,0.001953,0,0,0.013672,0.054688,0.050781,0.027344,0,0.001953,0.027344,0.001953,0.00054346,0.0005874,0.00061239,0.00055249,0.00049495,0.00048382,0.00045023,0.00042332,0.00039813,0.00038291,0.0003639,0.00033783,0.00032571,0.00030971,0.00028354,0.0002835,0.00027083,0.00028898,0.00028418,0.00029493,0.00030113,0.00031219,0.0003498,0.00036703,0.00041103,0.00043367,0.00047035,0.00051308,0.0005402,0.00056992,0.00062518,0.00066505,0.00070122,0.00070547,0.00066343,0.00062659,0.00059318,0.00056256,0.00052397,0.00047942,0.00045808,0.00041396,0.0003887,0.00036101,0.00033232,0.0003367,0.00029797,0.00028429,0.00028331,0.00028509,0.00029669,0.00027594,0.00029338,0.00030786,0.00031973,0.00033975,0.00036526,0.00039145,0.00041206,0.00043716,0.00046387,0.00047989,0.00049526,0.00051708,0,0.020508,0,0.066406,0,0.003906,0.004883,0.001953,0.072266,0.012695,0,0,0.014648,0.077148,0,0.009766,0.027344,0.001953,0.05957,0.020508,0,0,0.042969,0.046875,0.03125,0.003906,0,0,0.03125,0.018555,0.025391,0,0.019531,0,0.014648,0,0.000977,0,0.010742,0.046875,0.008789,0.005859,0.004883,0,0.02832,0,0.025391,0,0.036133,0.013672,0,0.016602,0.02832,0.035156,0,0,0.004883,0,0.068359,0,0,0,0.036133,0.000977
27,Acer_Palmatum,0,0,0.001953,0.029297,0.11133,0,0,0,0.029297,0,0,0,0,0.023438,0.001953,0,0.005859,0,0.11719,0.003906,0,0,0.019531,0.017578,0.011719,0.011719,0.015625,0.041016,0,0.009766,0.035156,0.050781,0,0.003906,0,0,0.003906,0.001953,0.003906,0.007812,0.17969,0.007812,0,0.021484,0,0.029297,0.001953,0,0.054688,0,0,0.009766,0.009766,0.035156,0,0,0,0.007812,0.005859,0.060547,0.003906,0.007812,0.001953,0.003906,0.0011448,0.0010666,0.00099556,0.00092949,0.00087691,0.00084537,0.00081038,0.00078007,0.00076342,0.00074886,0.00073552,0.00072681,0.00071813,0.0007155,0.00071266,0.00070683,0.00069732,0.00069564,0.0006992,0.00070635,0.0007099,0.000721,0.00072663,0.00073689,0.0007597,0.00078228,0.00079956,0.0008285,0.00085514,0.00088472,0.00091699,0.00094766,0.0009681,0.00096525,0.0009356,0.00089393,0.00085251,0.00081467,0.0007849,0.00076042,0.00074401,0.00072258,0.00070355,0.00068658,0.0006727,0.00066767,0.00066309,0.00066297,0.00067193,0.00067734,0.00069616,0.00071134,0.00073405,0.00075179,0.00077728,0.00079007,0.00080324,0.00083197,0.00085598,0.00087554,0.0009023,0.00094291,0.0010191,0.0010989,0.003906,0,0.007812,0,0.13281,0,0.000977,0.026367,0,0,0,0.37793,0,0,0,0,0,0,0.000977,0.001953,0,0,0.068359,0,0.001953,0,0.000977,0.017578,0.004883,0,0.037109,0,0,0.008789,0,0,0,0.055664,0.003906,0,0,0,0,0,0.039062,0.051758,0.007812,0.037109,0,0,0,0,0,0.000977,0.012695,0,0.079102,0,0,0,0,0,0,0.019531
29,Quercus_Pubescens,0.001953,0,0.015625,0.03125,0.011719,0,0.021484,0.001953,0.005859,0.013672,0.003906,0.015625,0.015625,0.007812,0.023438,0,0.021484,0.007812,0.025391,0.007812,0.021484,0.023438,0,0.054688,0.003906,0.019531,0.005859,0.009766,0.023438,0.009766,0.009766,0.011719,0.007812,0.001953,0.003906,0.009766,0.015625,0.039062,0.019531,0.005859,0.003906,0.011719,0.048828,0.009766,0.025391,0.009766,0.015625,0.091797,0.001953,0.015625,0.021484,0.009766,0.058594,0.003906,0.044922,0.005859,0.019531,0.009766,0.033203,0.011719,0.001953,0.009766,0.003906,0.001953,0.00080172,0.00089566,0.00099061,0.0010914,0.0011911,0.0012937,0.0014046,0.0015121,0.0015837,0.0016011,0.001712,0.0016534,0.0015476,0.0014785,0.0013878,0.0012898,0.0012029,0.0011044,0.0010162,0.00091831,0.00083085,0.00074433,0.0006528,0.00057472,0.00051219,0.00045783,0.00042639,0.0004312,0.00045663,0.00052665,0.00059154,0.00067868,0.00076725,0.00085704,0.0009495,0.0010535,0.0011515,0.0012541,0.0013664,0.0014728,0.0015893,0.0016998,0.0017382,0.0016501,0.0015532,0.0014527,0.0013523,0.0012515,0.0011526,0.0010522,0.00096203,0.00086231,0.00077303,0.00069933,0.00062031,0.00055815,0.00050261,0.00047072,0.00046388,0.00048311,0.00051867,0.00057303,0.00063453,0.00071501,0,0.070312,0,0.089844,0,0.053711,0.003906,0,0.009766,0.032227,0.001953,0,0.053711,0,0,0,0.13477,0.001953,0.036133,0.041016,0,0,0.042969,0.032227,0.009766,0.005859,0,0,0.003906,0.045898,0.013672,0,0.022461,0,0.007812,0,0.006836,0,0.006836,0.075195,0.008789,0.003906,0.010742,0,0.009766,0,0.048828,0,0.001953,0.000977,0,0,0.041016,0.004883,0,0,0.001953,0.005859,0.049805,0,0,0.006836,0,0.001953
30,Populus_Adenopoda,0.005859,0.027344,0.017578,0.041016,0.007812,0.017578,0.046875,0.001953,0,0.044922,0.001953,0.001953,0.023438,0.001953,0.009766,0,0.013672,0.023438,0.007812,0.037109,0.009766,0.001953,0,0.001953,0,0.050781,0,0.019531,0.035156,0.066406,0.003906,0,0.015625,0,0.015625,0.009766,0.046875,0.011719,0.009766,0.013672,0.003906,0.019531,0.009766,0.037109,0.019531,0.003906,0.005859,0.013672,0.001953,0.009766,0.015625,0,0.035156,0,0.033203,0.005859,0.03125,0.015625,0.048828,0.003906,0.007812,0,0.03125,0.001953,0.00051503,0.00051953,0.00051556,0.00052363,0.00051651,0.00051191,0.00052359,0.00053264,0.00053819,0.00054405,0.00056957,0.00064802,0.00068027,0.00061605,0.00061918,0.0005985,0.00059864,0.00059589,0.00059567,0.00058303,0.00057875,0.00057413,0.00056424,0.00054164,0.0005278,0.00050268,0.00048708,0.00049005,0.00048833,0.00047306,0.00049531,0.00050123,0.00050385,0.00052209,0.00052446,0.00051332,0.00052845,0.00055169,0.00054291,0.00056654,0.00056972,0.00056878,0.00058357,0.00060411,0.00061918,0.00066874,0.00063627,0.00063124,0.00061035,0.00061204,0.00058189,0.00058544,0.00058385,0.00056583,0.00055163,0.00055777,0.00054944,0.00054367,0.00051518,0.00052961,0.00053159,0.00053678,0.0005223,0.00053059,0,0.001953,0,0,0,0,0,0,0,0,0.019531,0,0,0,0.008789,0,0,0,0.016602,0,0,0.000977,0.00293,0.010742,0,0.30273,0,0,0.001953,0,0.019531,0,0,0,0,0,0.047852,0,0,0,0,0,0,0,0,0,0,0,0,0.001953,0.015625,0,0.001953,0.020508,0,0.000977,0,0.020508,0.001953,0.33301,0,0.16992,0,0
31,Quercus_Trojana,0.019531,0.019531,0.064453,0.025391,0.007812,0.005859,0.023438,0,0.005859,0.003906,0.011719,0.021484,0.046875,0.019531,0.021484,0,0.009766,0.015625,0.005859,0.009766,0.066406,0,0,0,0.021484,0.009766,0.001953,0.011719,0.037109,0.007812,0.009766,0.005859,0.015625,0,0.001953,0.015625,0.027344,0.044922,0.011719,0.007812,0,0.013672,0.029297,0.009766,0.027344,0.005859,0.066406,0.035156,0.009766,0.007812,0.021484,0,0.023438,0.001953,0.005859,0.013672,0.011719,0.023438,0.017578,0.001953,0,0,0.039062,0,0.00052263,0.00050513,0.00050904,0.00052032,0.00054151,0.00057075,0.00061054,0.00065796,0.00070921,0.00077078,0.00083215,0.00090377,0.00097629,0.001059,0.0011309,0.0011756,0.0012649,0.001295,0.0012005,0.0011622,0.0010939,0.0010324,0.00097031,0.00091779,0.00086384,0.00081244,0.00075158,0.00069405,0.00064494,0.00060184,0.00055652,0.0005233,0.00050454,0.00048331,0.0004782,0.00048362,0.00051577,0.00054347,0.00058756,0.00063797,0.00070019,0.00076264,0.00080724,0.00085374,0.00091543,0.00096751,0.0010156,0.001059,0.0011001,0.0011391,0.0011764,0.0011233,0.0010711,0.00099953,0.00093292,0.0008703,0.00082764,0.00077494,0.00071389,0.00066404,0.00061635,0.00058601,0.0005492,0.00052061,0.005859,0.003906,0,0.02832,0,0.011719,0.010742,0,0.026367,0.17676,0.005859,0,0.005859,0.003906,0.000977,0,0.009766,0.000977,0.1582,0.004883,0,0,0.008789,0.012695,0.009766,0.035156,0.001953,0,0.00293,0.004883,0.007812,0.001953,0.098633,0,0.003906,0,0.037109,0,0.017578,0.13867,0.009766,0,0.006836,0,0.007812,0,0.005859,0,0.010742,0.003906,0,0,0.018555,0.030273,0,0.000977,0.001953,0.016602,0.023438,0.004883,0,0.003906,0.013672,0.004883
32,Quercus_Variabilis,0.019531,0.029297,0.080078,0.033203,0.025391,0.023438,0.009766,0.005859,0,0.009766,0.021484,0.011719,0.044922,0.001953,0.033203,0,0.005859,0.025391,0,0.011719,0,0,0,0,0.003906,0.029297,0,0.035156,0.023438,0.025391,0,0,0.005859,0.001953,0.011719,0.005859,0.033203,0.050781,0.042969,0.019531,0.009766,0.009766,0.005859,0.015625,0.009766,0.015625,0.009766,0.009766,0.007812,0,0.019531,0,0.039062,0.039062,0.003906,0,0.013672,0.013672,0.054688,0.005859,0.001953,0,0.033203,0,0.00066893,0.00069092,0.00069462,0.00063484,0.0005978,0.00063898,0.00072909,0.00079748,0.00086573,0.00092834,0.0009845,0.0010882,0.0011763,0.0010624,0.0010225,0.00092435,0.00088555,0.00079074,0.00070658,0.00064095,0.00056206,0.00057415,0.00055522,0.0006192,0.00069302,0.00070741,0.00071751,0.00063808,0.00053172,0.00042389,0.00034015,0.00042586,0.00054457,0.00060724,0.00070689,0.00069154,0.00059757,0.00058811,0.00066517,0.00075371,0.00081145,0.000834,0.00092864,0.00093627,0.00096554,0.00095798,0.00095766,0.00090871,0.00081277,0.00085068,0.00088577,0.00079722,0.00067419,0.00054559,0.00051363,0.00062242,0.00067584,0.00063641,0.00053477,0.00044595,0.00037711,0.00043399,0.0005368,0.00064858,0.036133,0.026367,0.017578,0.009766,0.041016,0,0.074219,0.030273,0.011719,0.00293,0,0,0,0,0,0,0.023438,0.005859,0.004883,0.019531,0,0,0.027344,0,0.005859,0,0.014648,0.010742,0.005859,0.000977,0.007812,0,0,0.056641,0.003906,0,0,0.14258,0.019531,0.007812,0,0,0.017578,0.008789,0.020508,0.087891,0.02832,0.10352,0,0.003906,0,0,0.000977,0.003906,0.021484,0,0.057617,0,0.00293,0,0,0,0,0.035156
34,Alnus_Sieboldiana,0,0.005859,0.023438,0.001953,0.013672,0.001953,0.015625,0,0.003906,0.007812,0.001953,0.019531,0.017578,0.029297,0.029297,0,0.003906,0.009766,0,0.009766,0.095703,0.033203,0,0,0.048828,0.005859,0.046875,0.013672,0.001953,0.009766,0.039062,0.041016,0,0,0,0,0.009766,0.033203,0.027344,0.015625,0.009766,0.001953,0.011719,0.019531,0.001953,0.013672,0.080078,0.03125,0.035156,0.019531,0.009766,0.003906,0.011719,0.013672,0.021484,0.041016,0.005859,0,0.005859,0.009766,0,0.017578,0.005859,0.011719,0.00089305,0.0008354,0.00080511,0.00076397,0.00072066,0.00067665,0.0006362,0.00059867,0.00056382,0.00053146,0.00049897,0.00047697,0.00045271,0.00043491,0.00042748,0.00042515,0.00043512,0.00044981,0.00047464,0.00050812,0.0005451,0.00058119,0.00062507,0.00067432,0.00072769,0.00078756,0.00085045,0.0009187,0.00098596,0.0010542,0.0011224,0.0011907,0.0011744,0.0011064,0.0010384,0.00097195,0.00090732,0.0008419,0.00078106,0.00072364,0.00067093,0.00062329,0.00058359,0.00054648,0.00051096,0.00048343,0.00046266,0.00044646,0.00043722,0.0004308,0.00043512,0.0004442,0.00046333,0.00048886,0.00052,0.00055191,0.00058719,0.00062755,0.00067119,0.00072118,0.00077085,0.00081889,0.0008616,0.00092814,0.001953,0,0,0.044922,0,0,0.004883,0.000977,0,0.008789,0.058594,0,0,0.006836,0.14258,0.001953,0,0,0.015625,0.001953,0,0.019531,0,0,0,0.09375,0.003906,0,0.005859,0.004883,0.018555,0.013672,0.023438,0.004883,0.00293,0.000977,0.046875,0.003906,0.006836,0.009766,0.000977,0.001953,0.024414,0,0,0.000977,0.005859,0,0.004883,0.006836,0.086914,0.022461,0.051758,0.02832,0,0.019531,0,0.03125,0.005859,0.054688,0,0.10352,0.000977,0
35,Quercus_Ilex,0.029297,0.033203,0.033203,0.021484,0.001953,0.068359,0.037109,0,0.005859,0.080078,0.029297,0.005859,0.017578,0,0.001953,0,0.029297,0.033203,0.003906,0.042969,0.009766,0,0,0,0.001953,0.025391,0,0.007812,0.027344,0.021484,0,0,0.03125,0,0.042969,0.029297,0.027344,0.011719,0.001953,0.001953,0,0.021484,0.009766,0.011719,0.046875,0.001953,0.009766,0.003906,0,0,0.023438,0,0.011719,0,0.001953,0,0.023438,0.027344,0.03125,0.001953,0,0,0.058594,0,0.00070863,0.00070586,0.00068609,0.00072985,0.00074081,0.00070258,0.0006818,0.00070546,0.00070322,0.00067756,0.00064974,0.00063961,0.00071709,0.00078172,0.00071086,0.00063745,0.00065244,0.00067626,0.00070366,0.00067258,0.00067648,0.00071042,0.00070248,0.00067028,0.00067067,0.00069756,0.00072437,0.00066242,0.00062553,0.00064446,0.00066867,0.00068475,0.00061515,0.00055621,0.0005763,0.00061046,0.00062268,0.00055614,0.00057589,0.0006128,0.00065644,0.000706,0.00076339,0.00082891,0.00089515,0.00088792,0.00082537,0.00076773,0.00071035,0.00065885,0.00062654,0.00059229,0.00062466,0.00057961,0.00055022,0.00061416,0.00062095,0.00058639,0.0005675,0.00062031,0.00068933,0.0006791,0.00064554,0.00064985,0,0.000977,0,0.029297,0,0,0,0,0.000977,0.041016,0.058594,0,0,0,0.001953,0,0.008789,0.005859,0.15039,0,0,0.014648,0.014648,0.068359,0.008789,0.11328,0,0,0.017578,0,0.023438,0.001953,0.047852,0,0,0,0.041992,0,0.00293,0.070312,0.000977,0.003906,0,0,0.000977,0,0.000977,0,0.003906,0.020508,0.044922,0,0.02832,0.048828,0,0,0,0.044922,0.003906,0.004883,0,0.069336,0,0
37,Arundinaria_Simonii,0.001953,0.023438,0.005859,0.029297,0,0,0,0,0.011719,0,0.10742,0,0.32617,0.001953,0,0,0,0.18555,0.003906,0.001953,0,0,0,0,0,0.003906,0,0,0.042969,0.001953,0,0,0.005859,0,0,0.005859,0,0,0.001953,0,0,0.009766,0,0,0.13672,0,0,0,0,0,0.003906,0,0.001953,0,0,0,0,0.056641,0.015625,0.003906,0.001953,0,0.003906,0.003906,0.00085097,0.00085069,0.00077993,0.00071655,0.00069993,0.00065687,0.00059234,0.00059396,0.0005811,0.00053765,0.00049017,0.00047049,0.00047618,0.00042628,0.00038954,0.0004111,0.00043237,0.00044358,0.00045012,0.00047226,0.00048949,0.00050795,0.00054952,0.00056334,0.00060264,0.00062457,0.00066196,0.00070913,0.00075544,0.00079781,0.00087073,0.00085156,0.00077877,0.00072355,0.00071568,0.00067853,0.00065291,0.00063666,0.00062418,0.00061977,0.00058506,0.00052519,0.00049797,0.00049029,0.00047839,0.00040845,0.00041536,0.00043846,0.00039026,0.00035893,0.00039137,0.00044705,0.00042066,0.00044797,0.00050523,0.0005684,0.00056525,0.00057949,0.00064811,0.0007167,0.00075654,0.00075047,0.00082042,0.00088122,0.013672,0,0,0.000977,0.086914,0,0.019531,0.025391,0,0.036133,0.045898,0.09668,0,0,0.009766,0,0,0,0.010742,0.004883,0,0.006836,0,0,0,0.018555,0.030273,0,0.001953,0,0.003906,0.015625,0.038086,0.089844,0,0,0.051758,0.025391,0.011719,0.004883,0.021484,0,0.000977,0.004883,0,0.005859,0.012695,0.015625,0.001953,0.001953,0.030273,0,0.000977,0.004883,0.10352,0.009766,0,0.00293,0.00293,0.077148,0,0.052734,0,0
38,Acer_Platanoids,0.015625,0.03125,0.10156,0.015625,0.005859,0.017578,0,0,0.041016,0.005859,0.015625,0.007812,0.074219,0.029297,0.005859,0,0.009766,0.021484,0.005859,0.003906,0.035156,0.005859,0,0.005859,0.015625,0.005859,0.005859,0.011719,0.029297,0.007812,0.009766,0.005859,0.015625,0,0.003906,0.005859,0.027344,0.076172,0.003906,0.007812,0,0.011719,0.013672,0.015625,0.015625,0.003906,0.054688,0,0.005859,0.017578,0.021484,0.003906,0,0.001953,0,0,0.001953,0.005859,0.037109,0.003906,0.005859,0.003906,0.066406,0.021484,0.00078762,0.00074452,0.00070042,0.00065724,0.00061323,0.00057052,0.00052725,0.0004852,0.0004421,0.00039986,0.00035666,0.00031477,0.00027178,0.00023025,0.00018888,0.00015009,0.00011241,0.000081313,0.000068863,0.000080969,0.00010955,0.00014572,0.00018519,0.00022604,0.00026886,0.00031107,0.00035401,0.0003961,0.00043912,0.00048127,0.00052468,0.00056619,0.00058487,0.00054249,0.00050013,0.00045881,0.00041593,0.00037424,0.0003315,0.00028966,0.00024763,0.00020633,0.00016602,0.00012978,0.000096215,0.000076019,0.000078044,0.00010012,0.00013287,0.0001704,0.00021086,0.00025165,0.00029385,0.00033566,0.00037902,0.00042151,0.00046513,0.00050803,0.00055204,0.00059517,0.00063942,0.00068264,0.0007269,0.00077012,0.001953,0.001953,0.009766,0.027344,0.018555,0,0.009766,0.019531,0,0.020508,0.036133,0,0,0,0.000977,0,0,0,0.007812,0.012695,0,0.037109,0.003906,0.000977,0.008789,0.019531,0.088867,0.00293,0.029297,0,0.007812,0.015625,0.005859,0.013672,0.003906,0,0.003906,0.012695,0.024414,0.010742,0.084961,0,0.030273,0.15137,0.003906,0.009766,0.027344,0.012695,0,0.024414,0.020508,0,0.015625,0.014648,0.029297,0.033203,0.007812,0.006836,0.014648,0,0,0.020508,0,0.035156
40,Quercus_Phillyraeoides,0.027344,0.009766,0.021484,0.042969,0.017578,0.009766,0.037109,0.03125,0.005859,0.037109,0.021484,0.003906,0.033203,0.003906,0,0,0.029297,0.017578,0.009766,0.015625,0.003906,0.001953,0,0.007812,0,0.033203,0,0.017578,0.03125,0.03125,0.005859,0,0.007812,0.001953,0.03125,0.013672,0.027344,0.021484,0.009766,0.005859,0.039062,0.013672,0.017578,0.015625,0.035156,0.013672,0.001953,0,0.001953,0.003906,0.023438,0,0.023438,0.009766,0.03125,0.001953,0.021484,0.021484,0.029297,0.027344,0,0,0.041016,0,0.00065471,0.00066786,0.00063666,0.0006074,0.0005701,0.0005296,0.00050006,0.00046151,0.00043981,0.00040605,0.00036465,0.00032695,0.00029824,0.00029553,0.00026607,0.0002416,0.00023195,0.00026153,0.00025659,0.00026053,0.00029684,0.00032552,0.00034267,0.0003791,0.0004167,0.0004475,0.00048437,0.00052543,0.00056579,0.00060467,0.00063837,0.00065934,0.00070349,0.00068659,0.0006406,0.00061483,0.00057058,0.00053089,0.00049873,0.00047293,0.00044807,0.00039968,0.00037464,0.00035361,0.00030268,0.00028612,0.00024803,0.00022529,0.00024366,0.00025639,0.00027616,0.00027149,0.00028531,0.00031624,0.000351,0.00036495,0.000386,0.00042767,0.00046687,0.00048726,0.00052539,0.00056036,0.00058344,0.00062894,0.006836,0.00293,0.000977,0.057617,0,0.005859,0.00293,0,0.016602,0.10938,0,0,0.008789,0.014648,0,0,0.00293,0,0.044922,0.000977,0,0,0.000977,0.020508,0.037109,0.009766,0.000977,0,0.008789,0.003906,0.007812,0,0.26074,0,0.003906,0,0.10059,0.000977,0.022461,0.077148,0.041016,0.003906,0.007812,0,0.00293,0,0.003906,0,0.018555,0.007812,0,0,0.015625,0.017578,0,0,0.003906,0.000977,0.009766,0.001953,0,0.001953,0.023438,0.007812
42,Cornus_Chinensis,0.085938,0.095703,0.007812,0.003906,0,0.14844,0.007812,0,0.007812,0.027344,0.023438,0,0.14453,0,0.001953,0,0.009766,0.03125,0,0.023438,0,0,0,0,0,0.013672,0,0.001953,0.037109,0.001953,0,0.001953,0.029297,0,0.027344,0.042969,0.003906,0.009766,0.001953,0,0,0.005859,0.007812,0.001953,0.021484,0,0.001953,0,0,0,0.064453,0,0.001953,0,0,0,0.019531,0.011719,0.001953,0.009766,0.001953,0,0.056641,0.001953,0.00090714,0.00097822,0.00091582,0.00092786,0.00086196,0.00079745,0.00074314,0.00067593,0.00062632,0.00062632,0.00059867,0.00053746,0.00046466,0.00047589,0.00051531,0.00050723,0.00044542,0.00047061,0.00053771,0.00055735,0.00052058,0.00057324,0.00063232,0.00061829,0.00066864,0.00071961,0.00070717,0.00075541,0.00077785,0.00076574,0.00081947,0.0008167,0.00077997,0.00078172,0.0007538,0.00076379,0.000709,0.00065395,0.00069976,0.00067641,0.00062116,0.00056533,0.00056573,0.00062437,0.00063083,0.00059523,0.00055079,0.00048353,0.00045157,0.00044745,0.00050001,0.00051533,0.00052575,0.00052281,0.00052325,0.00057932,0.00064465,0.00068475,0.00071316,0.00073923,0.00080043,0.000839,0.00089693,0.00092412,0.011719,0.000977,0.018555,0.001953,0.02832,0,0.017578,0.03418,0.000977,0.00293,0.060547,0,0.011719,0.008789,0,0.011719,0,0.000977,0.021484,0.015625,0.013672,0.03418,0.00293,0,0.003906,0.027344,0.007812,0.008789,0.024414,0.003906,0.012695,0.0625,0,0.016602,0.005859,0.010742,0.003906,0.03125,0.017578,0.005859,0,0.015625,0.008789,0.010742,0,0.030273,0.03418,0.030273,0.001953,0.019531,0.087891,0.012695,0.000977,0.02832,0.018555,0.052734,0.005859,0.000977,0.019531,0,0.011719,0.041992,0.004883,0.020508
43,Quercus_Phillyraeoides,0.001953,0.003906,0.017578,0.044922,0.041016,0.011719,0.039062,0.013672,0.011719,0.021484,0.011719,0.003906,0.007812,0.001953,0.001953,0,0.019531,0.019531,0.039062,0.011719,0.005859,0,0,0,0.001953,0.029297,0,0.033203,0.035156,0.029297,0.003906,0.005859,0.035156,0.003906,0.001953,0.003906,0.03125,0.044922,0.009766,0.009766,0.044922,0.021484,0.009766,0.027344,0.017578,0.007812,0.005859,0.005859,0,0.011719,0.007812,0,0.052734,0.013672,0.011719,0.001953,0.025391,0.029297,0.027344,0.039062,0,0,0.027344,0.001953,0.00072733,0.00068039,0.00064499,0.00060316,0.00057418,0.00053047,0.00049105,0.00046487,0.00044049,0.00041056,0.00036776,0.00034639,0.00031902,0.00028211,0.00024949,0.00027577,0.00025086,0.0002293,0.00024821,0.00028663,0.00030071,0.00032062,0.00036411,0.00039848,0.00044211,0.00048081,0.00052458,0.00056656,0.00060177,0.00062928,0.00065872,0.00069131,0.00070389,0.00065633,0.00061432,0.00056975,0.00052739,0.00048689,0.00045169,0.00041995,0.00038493,0.00034297,0.00031809,0.00030346,0.00025887,0.0002439,0.00024549,0.00025809,0.00021072,0.0002171,0.00024287,0.00027666,0.00030887,0.00033803,0.0003865,0.00042379,0.00045685,0.00050562,0.00053761,0.00059008,0.00063404,0.0006804,0.00073219,0.00076487,0.009766,0.00293,0.000977,0.029297,0,0.011719,0.003906,0,0.012695,0.061523,0.000977,0,0.035156,0,0,0.017578,0.006836,0.003906,0.050781,0,0,0,0.001953,0.005859,0.038086,0.012695,0.026367,0.007812,0.006836,0.017578,0.00293,0,0.14355,0,0.008789,0,0.006836,0.000977,0.03418,0.040039,0.25977,0.007812,0.010742,0.019531,0.001953,0,0.001953,0,0.001953,0,0,0,0.018555,0.018555,0,0,0,0.000977,0.007812,0,0,0.007812,0.024414,0.015625
45,Fagus_Sylvatica,0.019531,0.041016,0.09375,0.005859,0.011719,0.037109,0.035156,0,0,0.048828,0.011719,0.007812,0.044922,0.001953,0.019531,0,0.019531,0.007812,0.001953,0.021484,0.005859,0,0,0,0,0.023438,0,0.011719,0.009766,0.023438,0,0,0.015625,0.007812,0.027344,0.019531,0.033203,0.048828,0.021484,0.005859,0,0.011719,0.005859,0.013672,0.005859,0.005859,0.039062,0.039062,0,0.001953,0.011719,0,0.029297,0.001953,0.044922,0,0.023438,0.003906,0.019531,0.007812,0,0,0.050781,0,0.00056517,0.00056205,0.00056714,0.00057887,0.00059796,0.00061704,0.00063248,0.00065787,0.00069203,0.00070754,0.00072284,0.00073064,0.00078456,0.00085785,0.00083608,0.00076404,0.00073734,0.00071396,0.00069243,0.0006754,0.0006426,0.00062056,0.00059962,0.00061069,0.000583,0.00058278,0.00057835,0.00058158,0.00054972,0.0005612,0.00058084,0.00059794,0.00060848,0.00061115,0.00064148,0.00060928,0.00064821,0.00063485,0.00067588,0.00066342,0.00067047,0.00068696,0.00068394,0.00068612,0.00069361,0.00075976,0.00073243,0.0007239,0.00072791,0.00072531,0.00073265,0.00073538,0.00070139,0.00071511,0.00067081,0.00063489,0.00065401,0.00062423,0.0005856,0.00058226,0.00055763,0.00060052,0.00057313,0.00055522,0.001953,0.022461,0.006836,0.000977,0.1543,0,0.00293,0.041016,0.000977,0,0,0.33008,0,0,0,0,0.026367,0.001953,0,0.013672,0,0,0.005859,0,0.001953,0,0,0.016602,0,0.001953,0,0,0,0.033203,0.009766,0,0,0.041992,0,0,0,0,0.000977,0,0.011719,0.052734,0.001953,0.088867,0,0,0,0,0,0,0.076172,0,0.049805,0,0.000977,0,0,0,0,0.001953
48,Liriodendron_Tulipifera,0.042969,0.11133,0.023438,0.001953,0,0.099609,0,0,0.005859,0.009766,0.042969,0.005859,0.16016,0,0.005859,0,0.015625,0.015625,0.005859,0.015625,0.001953,0,0,0,0,0.001953,0,0,0.050781,0.001953,0,0.001953,0.037109,0.001953,0.019531,0.023438,0.013672,0.03125,0.003906,0,0,0.017578,0.029297,0.001953,0.021484,0,0.021484,0.005859,0,0,0.037109,0.001953,0.005859,0,0,0,0.005859,0.009766,0.046875,0.015625,0,0,0.027344,0,0.000423,0.00036466,0.00028776,0.00030449,0.00028739,0.00031319,0.00040088,0.00045881,0.00047189,0.00037282,0.0002868,0.00034404,0.0003906,0.00043952,0.00051893,0.00053336,0.00043733,0.00034755,0.00025854,0.0002747,0.00032041,0.00039427,0.00047606,0.00046406,0.00036407,0.0002737,0.00016224,0.00012486,0.00020818,0.0002887,0.00036679,0.00043612,0.00050152,0.00057552,0.00057601,0.0004999,0.00043335,0.00034934,0.00027094,0.00018152,0.000090507,0.00018235,0.00029963,0.0004055,0.00048535,0.00057512,0.00053667,0.00044381,0.00037601,0.00030461,0.00023342,0.00017592,0.00023604,0.00033304,0.00042946,0.00052989,0.00051211,0.00043703,0.00037741,0.00032032,0.00026727,0.00031538,0.00041344,0.00049019,0.007812,0.001953,0.010742,0.004883,0.085938,0.000977,0.016602,0.024414,0.00293,0,0,0.000977,0.009766,0.003906,0.000977,0.006836,0,0,0.007812,0.004883,0.000977,0.015625,0.029297,0.001953,0.001953,0,0.026367,0.009766,0.03418,0.008789,0.032227,0.007812,0,0.053711,0.007812,0,0.000977,0.061523,0.006836,0.007812,0.000977,0.001953,0.017578,0.036133,0.052734,0.081055,0.03418,0.013672,0.005859,0.03418,0.000977,0.015625,0,0.015625,0.09668,0,0.036133,0,0.016602,0.00293,0.005859,0.001953,0.004883,0.025391
49,Cytisus_Battandieri,0.025391,0.011719,0.027344,0.033203,0.007812,0.054688,0.035156,0,0,0.064453,0.013672,0.001953,0.029297,0,0,0,0.025391,0.029297,0.007812,0.03125,0.001953,0,0,0,0.001953,0.041016,0,0.009766,0.035156,0.035156,0.001953,0,0.046875,0,0.050781,0.011719,0.017578,0.013672,0.005859,0.001953,0.001953,0.013672,0.007812,0.011719,0.044922,0.005859,0.003906,0.003906,0,0,0.03125,0,0.033203,0,0.011719,0,0.0625,0.027344,0.035156,0.001953,0,0,0.029297,0,0.00049387,0.00049034,0.00048682,0.00048554,0.00053636,0.00055726,0.00058657,0.00063146,0.00067199,0.0007193,0.00077174,0.0008246,0.00085175,0.00091155,0.0009067,0.00083671,0.00080818,0.00077137,0.00073322,0.00068633,0.00064279,0.00061764,0.00058951,0.00056452,0.00054165,0.00050593,0.00049749,0.00048255,0.00046664,0.00043158,0.00046213,0.0004501,0.00048386,0.00047678,0.00051782,0.00056294,0.00060083,0.00059334,0.00064154,0.00068659,0.00071345,0.0007715,0.00079441,0.00083916,0.00086733,0.00092815,0.00092813,0.00089759,0.00083622,0.00081142,0.00076284,0.00074767,0.00068976,0.00065491,0.00063229,0.00057953,0.00054101,0.00054828,0.00049911,0.00047552,0.00049099,0.00047023,0.00044658,0.0004363,0.000977,0.000977,0,0.017578,0,0.055664,0,0.001953,0.026367,0.000977,0.041016,0,0.018555,0.006836,0,0,0.010742,0,0.006836,0.001953,0,0,0.010742,0.026367,0,0.12793,0.00293,0,0.049805,0.010742,0.02832,0,0.005859,0,0.000977,0,0.11426,0,0.004883,0.001953,0.00293,0.000977,0.00293,0,0.004883,0,0.007812,0,0.056641,0.017578,0.00293,0,0.066406,0.009766,0,0,0,0.09375,0.021484,0.080078,0,0.048828,0.005859,0.001953
50,Tilia_Tomentosa,0.003906,0,0.005859,0.003906,0.027344,0.009766,0.029297,0,0.009766,0.005859,0,0.023438,0.009766,0,0.033203,0,0.007812,0.005859,0,0.011719,0.046875,0.013672,0,0.005859,0.015625,0.023438,0.001953,0.011719,0.013672,0.009766,0.058594,0.025391,0.001953,0.001953,0.001953,0.003906,0.009766,0.035156,0.042969,0.027344,0.011719,0.001953,0.035156,0.033203,0.003906,0.03125,0.058594,0.046875,0.013672,0.042969,0.003906,0,0.050781,0.015625,0.044922,0.021484,0.003906,0.003906,0.003906,0.003906,0.007812,0.007812,0.009766,0.003906,0.00051833,0.00052866,0.00052017,0.00053026,0.00053431,0.00054405,0.00056085,0.00055438,0.00050572,0.00043715,0.00039427,0.00038824,0.00044497,0.00049396,0.00044067,0.00038271,0.00038289,0.0004024,0.00042412,0.00045237,0.00049203,0.00050599,0.0005118,0.00051901,0.00052397,0.0005247,0.00051876,0.00050346,0.00049528,0.00049199,0.00048894,0.00047893,0.00047183,0.00046435,0.00046486,0.00047277,0.00045839,0.00047204,0.00046163,0.00047554,0.00047852,0.00051309,0.00055578,0.00061022,0.00064393,0.00058077,0.00051774,0.00049329,0.00048055,0.00047745,0.00047593,0.00046554,0.00046393,0.00045536,0.0004502,0.00045766,0.00045258,0.00044779,0.00045611,0.00046226,0.00047144,0.00048567,0.00049575,0.00050731,0.011719,0.000977,0.005859,0.009766,0.006836,0,0.030273,0.013672,0.003906,0.042969,0.037109,0,0,0.009766,0,0,0,0,0.051758,0.014648,0,0.037109,0.004883,0,0,0.037109,0.053711,0,0.011719,0.001953,0.016602,0.008789,0.00293,0.027344,0.004883,0,0.001953,0.030273,0.020508,0.019531,0.00293,0,0.014648,0.18652,0,0.03125,0.023438,0.003906,0.006836,0.020508,0.020508,0.000977,0.000977,0.057617,0.032227,0.007812,0.00293,0.00293,0.017578,0,0,0.033203,0,0.014648
